[
    {
        "question": "vr",
        "feedback": "good"
    },
    {
        "question": "нерф",
        "feedback": "good"
    },
    {
        "question": "день рождения",
        "feedback": "good"
    },
    {
        "question": "день рождения",
        "feedback": "good"
    },
    {
        "question": "стоимость нерф-арены",
        "feedback": "good"
    },
    {
        "question": "что такое гугл",
        "feedback": "good"
    },
    {
        "question": "как узнать какие есть у вас игры",
        "feedback": "bad"
    },
    {
        "timestamp": "2025-08-21T08:12:41.176667",
        "question": "😂",
        "feedback": "bad"
    }
]