[
    {
        "timestamp": "2025-08-10T14:29:57.141684",
        "question": "vr",
        "answer": "🎮 **VR-зоны**\n\nИгры в шлемах HTC Vive и Oculus.\nМожно играть вдвоём!\nЦены: 300 ₽ за 30 мин, 500 ₽ за час, 900 ₽ за 2 часа.\nПодробнее: [VR-зоны](/vr_zones)",
        "source": "knowledge_base"
    },
    {
        "timestamp": "2025-08-10T14:30:10.127544",
        "question": "аймкот",
        "answer": "Здравствуйте! 👋 Чем я могу вам помочь? Если вы ищете информацию об активностях или хотите узнать о наших развлечениях, я с радостью вам расскажу! 😊",
        "source": "yandex_gpt"
    },
    {
        "timestamp": "2025-08-10T14:30:26.254587",
        "question": "icot",
        "answer": "Здравствуйте! 😊 \n\nПохоже, вы что-то искали, но не совсем понятно, что именно. Возможно, вы хотели узнать о развлечениях в нашем центре? У нас есть VR-игры, батуты, игры с nerf-пушками и многое другое. \n\nЕсли вам нужна информация по конкретной активности, пожалуйста, уточните ваш запрос. 😊 Будем рады помочь!",
        "source": "yandex_gpt"
    },
    {
        "timestamp": "2025-08-10T14:30:43.065285",
        "question": "сурперхот",
        "answer": "Привет! Superhot — это крутая игра, где тебе нужно выживать и сражаться с врагами, используя замедление времени. Очень атмосферная и затягивает с первых минут! 😎 Если хочешь, могу рассказать подробнее или помочь с покупкой игры.",
        "source": "yandex_gpt"
    },
    {
        "timestamp": "2025-08-10T14:30:57.434046",
        "question": "aimcat",
        "answer": "Здравствуйте! 🖐 \n\nAIMCAT — это игра, которая позволяет потренировать меткость и реакцию. У нас есть VR-игры, в которых можно весело провести время. Если хотите узнать больше об этой игре или других развлечениях в нашем центре, я с радостью вам помогу!",
        "source": "yandex_gpt"
    },
    {
        "timestamp": "2025-08-10T14:31:16.446867",
        "question": "расскажи по vr",
        "answer": "🎮 **VR-зоны**\n\nИгры в шлемах HTC Vive и Oculus.\nМожно играть вдвоём!\nЦены: 300 ₽ за 30 мин, 500 ₽ за час, 900 ₽ за 2 часа.\nПодробнее: [VR-зоны](/vr_zones)",
        "source": "knowledge_base"
    },
    {
        "timestamp": "2025-08-10T14:31:45.457442",
        "question": "что такое виртуальная реальность",
        "answer": "Привет! Виртуальная реальность (VR) — это как попасть в другой мир с помощью специальных очков и контроллеров. Ты можешь играть в игры, исследовать новые места и даже участвовать в сражениях, не выходя из развлекательного центра. Всё выглядит так реалистично, что иногда забываешь, что это всего лишь игра! 🎮🌌",
        "source": "yandex_gpt"
    },
    {
        "timestamp": "2025-08-10T14:32:08.649756",
        "question": "нерф",
        "answer": "🔫 **Нерф-арена**\n\nТактические баталии с мягкими дротиками.\nКоманды до 6 человек.\nЦены: 2500 ₽ (до 6 чел), 3500 ₽ (до 8 чел).\nПодробнее: [Нерф-арена](/nerf_arena)",
        "source": "knowledge_base"
    },
    {
        "timestamp": "2025-08-10T14:32:23.028230",
        "question": "нерф арена, что собой представляет",
        "answer": "🔫 **Нерф-арена**\n\nТактические баталии с мягкими дротиками.\nКоманды до 6 человек.\nЦены: 2500 ₽ (до 6 чел), 3500 ₽ (до 8 чел).\nПодробнее: [Нерф-арена](/nerf_arena)",
        "source": "knowledge_base"
    },
    {
        "timestamp": "2025-08-10T14:32:35.166704",
        "question": "нерф арена это",
        "answer": "🔫 **Нерф-арена**\n\nТактические баталии с мягкими дротиками.\nКоманды до 6 человек.\nЦены: 2500 ₽ (до 6 чел), 3500 ₽ (до 8 чел).\nПодробнее: [Нерф-арена](/nerf_arena)",
        "source": "knowledge_base"
    },
    {
        "timestamp": "2025-08-10T14:32:51.299818",
        "question": "из чего состоит нерф",
        "answer": "🔫 **Нерф-арена**\n\nТактические баталии с мягкими дротиками.\nКоманды до 6 человек.\nЦены: 2500 ₽ (до 6 чел), 3500 ₽ (до 8 чел).\nПодробнее: [Нерф-арена](/nerf_arena)",
        "source": "knowledge_base"
    },
    {
        "timestamp": "2025-08-10T14:35:30.284635",
        "question": "vr",
        "answer": "🎮 **VR-зоны**\n\nИгры в шлемах HTC Vive и Oculus.\nМожно играть вдвоём!\nЦены: 300 ₽ за 30 мин, 500 ₽ за час, 900 ₽ за 2 часа.\nПодробнее: [VR-зоны](/vr_zones)",
        "source": "knowledge_base"
    },
    {
        "timestamp": "2025-08-10T14:35:32.397478",
        "question": "батуты",
        "answer": "🏀 **Батутный центр**\n\nЭто специально оборудованная площадка для проведения игр и трюков на батутах.\n\n**Основные характеристики:**\n- Формат игры: индивидуальные и командные игры\n- Длительность: обычно до 1 часа\n- Участники: от 1 человека и более\n- Особенности: возможность прыжков, акробатические трюки\n\n**Цены:**\n- 500 ₽ за час\n- 4000 ₽ за 10 посещений\nПодробнее: [Батутный центр](/batuts_center)",
        "source": "knowledge_base"
    },
    {
        "timestamp": "2025-08-10T14:35:33.518380",
        "question": "акции",
        "answer": "🎁 **Акции**\n\n• Детям до 7 лет — **50% скидка**\n• Семейный пакет — **+ VR бесплатно**\n• Студенческий день — **-20% по пятницам**",
        "source": "knowledge_base"
    },
    {
        "timestamp": "2025-08-10T14:35:56.406764",
        "question": "раскажи подробно про виртуальную реальность",
        "answer": "Привет! Виртуальная реальность в «FunLand» — это что-то с чем-то! 🎮 Ты попадаешь в другой мир, где можно всё: от космических путешествий до сражений в фэнтези-вселенных. Это круче любых видеоигр!\n\nУ нас есть разные VR-игры и аттракционы, которые подойдут как детям, так и взрослым. Это не только весело, но и развивает.\n\nЕсли хочешь, могу рассказать про конкретные игры или помочь выбрать что-то интересное. 😊",
        "source": "yandex_gpt"
    },
    {
        "timestamp": "2025-08-10T14:36:28.822726",
        "question": "какие есть виды игр в виртуальной реальности",
        "answer": "Привет! У нас в «FunLand» в виртуальной реальности можно поиграть в самые разные игры! Например, в шутеры, где нужно стрелять по мишеням и врагам, в приключенческие игры, где можно исследовать миры и решать головоломки, в гонки, где можно управлять машинами и соревноваться с другими игроками. А ещё есть игры на выживание, где нужно выживать в разных условиях, и многое другое! 🎮👾🏎️\n\nЕсли хочешь узнать что-то конкретное, с радостью помогу!",
        "source": "yandex_gpt"
    },
    {
        "timestamp": "2025-08-10T14:37:08.516066",
        "question": "как называется игра с обезьянами в виртуальной реальности",
        "answer": "Привет! К сожалению, не помню название такой игры. Возможно, стоит связаться с оператором развлекательного центра, чтобы получить точную информацию. 😊",
        "source": "yandex_gpt"
    },
    {
        "timestamp": "2025-08-10T14:45:16.973235",
        "question": "акции",
        "answer": "🎁 **Акции**\n\n• Детям до 7 лет — **50% скидка**\n• Семейный пакет — **+ VR бесплатно**\n• Студенческий день — **-20% по пятницам**",
        "source": "knowledge_base"
    },
    {
        "timestamp": "2025-08-10T14:55:15.469832",
        "question": "как узнать какие есть у вас игры",
        "answer": "👋 Чтобы узнать, какие игры доступны в FunLand, свяжитесь с оператором. Они с радостью вам помогут! 😊",
        "source": "yandex_gpt"
    },
    {
        "timestamp": "2025-08-10T14:55:21.528267",
        "question": "что такое виртуальные игры",
        "answer": "🎮 **VR-зоны**\n\nИгры в шлемах HTC Vive и Oculus.\nМожно играть вдвоём!\nЦены: 300 ₽ за 30 мин, 500 ₽ за час, 900 ₽ за 2 часа.\nПодробнее: [VR-зоны](/vr_zones)",
        "source": "knowledge_base"
    },
    {
        "timestamp": "2025-08-10T14:55:38.506164",
        "question": "виртуальная реальность что это",
        "answer": "👽 Виртуальная реальность (VR) — это технология, которая позволяет погрузиться в виртуальный мир с помощью специальных устройств, таких как шлемы HTC Vive и Oculus. Это создаёт ощущение присутствия и позволяет взаимодействовать с виртуальным окружением. 😊",
        "source": "yandex_gpt"
    },
    {
        "timestamp": "2025-08-10T14:55:50.526185",
        "question": "суперхот что это",
        "answer": "🎮 Superhot — это захватывающая игра в жанре шутера от первого лица. В ней время замедляется, когда игрок не двигается. Это создаёт уникальную механику боя и требует от игроков стратегического мышления и быстрой реакции. Игра отлично подходит для тех, кто любит динамичные и напряжённые игровые моменты. 🔥",
        "source": "yandex_gpt"
    },
    {
        "timestamp": "2025-08-10T14:56:23.824092",
        "question": "что за игра final sguard",
        "answer": "К сожалению, я не знаю такой игры. Свяжитесь с оператором, чтобы получить более подробную информацию. 😊",
        "source": "yandex_gpt"
    },
    {
        "timestamp": "2025-08-10T14:56:38.958930",
        "question": "aim secryriti",
        "answer": "🎯 Aimerscurity (AimCat) — это игра для тренировки навыков стрельбы. Она помогает улучшить реакцию и точность прицеливания. Игра может быть полезна как для начинающих игроков, так и для опытных геймеров, желающих отточить своё мастерство. 💪",
        "source": "yandex_gpt"
    },
    {
        "timestamp": "2025-08-10T14:56:56.690328",
        "question": "aimcat)",
        "answer": "🎯 AimCat — это игра для тренировки навыков стрельбы. Она помогает улучшить реакцию и точность прицеливания. В игре можно потренироваться перед игрой в шутеры от первого лица или другие игры, где важна меткость стрельбы. 🎯🔱💪",
        "source": "yandex_gpt"
    },
    {
        "timestamp": "2025-08-10T14:57:51.280431",
        "question": "i am security",
        "answer": "🎯 Aimerscurity (AimCat) — это игра для тренировки навыков стрельбы. Она помогает улучшить реакцию и точность прицеливания. В игре можно потренироваться перед игрой в шутеры от первого лица или другие игры, где важна меткость стрельбы. 💪🎯🔱",
        "source": "yandex_gpt"
    },
    {
        "timestamp": "2025-08-10T14:59:24.793049",
        "question": "i am security",
        "answer": "Здравствуйте! Рады видеть вас в развлекательном центре «FunLand»! 😊 Если вам нужна помощь или информация о правилах безопасности в центре, пожалуйста, сообщите мне. Чем могу помочь?",
        "source": "yandex_gpt"
    },
    {
        "timestamp": "2025-08-10T14:59:29.900051",
        "question": "vr",
        "answer": "🎮 **VR-зоны**\n\nИгры в шлемах HTC Vive и Oculus.\nМожно играть вдвоём!\nЦены: 300 ₽ за 30 мин, 500 ₽ за час, 900 ₽ за 2 часа.\nПодробнее: [VR-зоны](/vr_zones)",
        "source": "knowledge_base"
    },
    {
        "timestamp": "2025-08-10T14:59:32.945333",
        "question": "i am security",
        "answer": "Здравствуйте! Рады видеть вас в развлекательном центре «FunLand»! 👋 \nЕсли вам нужна помощь или у вас есть вопросы, пожалуйста, сообщите мне. Я здесь, чтобы помочь! 😊",
        "source": "yandex_gpt"
    },
    {
        "timestamp": "2025-08-10T14:59:43.887630",
        "question": "суперхот",
        "answer": "Привет! Superhot — это крутая игра, где тебе нужно управлять персонажем в реальном времени, уклоняться от пуль и решать головоломки. Игра затягивает и требует быстрой реакции. Рекомендую попробовать! 🎮",
        "source": "yandex_gpt"
    },
    {
        "timestamp": "2025-08-10T14:59:50.818689",
        "question": "i am security игра",
        "answer": "«I Am Security» — это захватывающая игра, где ты берёшь на себя роль охранника. Тебе предстоит решать разнообразные задачи, связанные с обеспечением безопасности. Игра погружает в атмосферу, где нужно быть внимательным и быстро принимать решения. Уверен, тебе понравится! 🎮👮‍♂️",
        "source": "yandex_gpt"
    },
    {
        "timestamp": "2025-08-10T15:00:40.530416",
        "question": "ubisoft финал",
        "answer": "Привет! У нас в развлекательном центре есть игры от Ubisoft, но я не совсем понимаю, что вы имеете в виду под «финалалом». Может быть, вы хотите узнать о какой-то конкретной игре или об играх в целом? 😊",
        "source": "yandex_gpt"
    },
    {
        "timestamp": "2025-08-10T15:20:50.947503",
        "question": "какие есть игры",
        "answer": "👋 У нас в FunLand есть множество игр! Среди них могут быть популярные тайтлы, например, Superhot и Aimcat. 😊 Хотите узнать что-то конкретное? Или вам нужна помощь в выборе игры? 😊",
        "source": "yandex_gpt"
    },
    {
        "timestamp": "2025-08-10T15:20:54.521505",
        "question": "vr",
        "answer": "🎮 **VR-зоны**\n\nИгры в шлемах HTC Vive и Oculus.\nМожно играть вдвоём!\nЦены: 300 ₽ за 30 мин, 500 ₽ за час, 900 ₽ за 2 часа.\nПодробнее: [VR-зоны](/vr_zones)",
        "source": "knowledge_base"
    },
    {
        "timestamp": "2025-08-10T15:21:01.979491",
        "question": "суперхот",
        "answer": "👋 Superhot — это крутая игра, где время замедляется, когда ты не двигаешься! 😎 Попробуй, тебе понравится! 😊",
        "source": "yandex_gpt"
    },
    {
        "timestamp": "2025-08-10T15:22:04.802436",
        "question": "clone drone in the hyperdome",
        "answer": "🤖 **Clone Drone in the Hyperdome** — это игра, в которой ты управляешь дроном и проходишь уровни. Бросай вызов сложностям и покажи, на что способен! 😎",
        "source": "yandex_gpt"
    },
    {
        "timestamp": "2025-08-10T15:22:37.071537",
        "question": "ancient dungeon",
        "answer": "🗺️ **Ancient Dungeon** — это игра, в которой тебе предстоит исследовать подземелье, сражаться с монстрами и решать головоломки. Увлекательное приключение ждёт тебя! 🎮",
        "source": "yandex_gpt"
    },
    {
        "timestamp": "2025-08-10T15:22:51.909394",
        "question": "voxel fly",
        "answer": "🧱 **Voxel Fly** — это игра, где ты можешь свободно летать среди блоков и создавать свои миры. Погрузись в атмосферу творчества и свободы! 🚀",
        "source": "yandex_gpt"
    },
    {
        "timestamp": "2025-08-10T15:22:57.134215",
        "question": "батуты",
        "answer": "🏀 **Батутный центр**\n\nПлощадка для игр и трюков на батутах.\n\n**Цены:**\n- 500 ₽ за час\n- 4000 ₽ за 10 посещений\nПодробнее: [Батутный центр](/batuts_center)",
        "source": "knowledge_base"
    },
    {
        "timestamp": "2025-08-10T15:23:15.416320",
        "question": "ограждение батутов",
        "answer": "🏀 **Батутный центр**\n\nПлощадка для игр и трюков на батутах.\n\n**Цены:**\n- 500 ₽ за час\n- 4000 ₽ за 10 посещений\nПодробнее: [Батутный центр](/batuts_center)",
        "source": "knowledge_base"
    },
    {
        "timestamp": "2025-08-10T15:23:25.379763",
        "question": "ограждение батутов есть",
        "answer": "🏀 **Батутный центр**\n\nПлощадка для игр и трюков на батутах.\n\n**Цены:**\n- 500 ₽ за час\n- 4000 ₽ за 10 посещений\nПодробнее: [Батутный центр](/batuts_center)",
        "source": "knowledge_base"
    },
    {
        "timestamp": "2025-08-10T15:38:26.872741",
        "question": "какие есть игры",
        "answer": "👋 У нас в FunLand есть много игр! Среди них вы найдёте классические и современные проекты. \n\nЧтобы узнать подробнее, пожалуйста, свяжитесь с оператором — мы с радостью вам поможем! 😊",
        "source": "yandex_gpt"
    },
    {
        "timestamp": "2025-08-10T15:38:29.396197",
        "question": "vr",
        "answer": "🎮 **VR-зоны**\n\nИгры в шлемах HTC Vive и Oculus.\nМожно играть вдвоём!\nЦены: 300 ₽ за 30 мин, 500 ₽ за час, 900 ₽ за 2 часа.\nПодробнее: [VR-зоны](/vr_zones)",
        "source": "knowledge_base"
    },
    {
        "timestamp": "2025-08-10T15:38:39.049236",
        "question": "суперхот",
        "answer": "🎮 **Superhot** — это захватывающая игра в жанре шутера, где время замедляется при остановке игрока. Очень увлекательная и напряжённая игра, которая не даст вам заскучать! 🕹️",
        "source": "yandex_gpt"
    },
    {
        "timestamp": "2025-08-10T15:38:46.921340",
        "question": "майнкрафт",
        "answer": "🎲 **Minecraft** — это популярная игра в жанре песочницы с открытым миром, где можно строить, исследовать и выживать. Очень творческая и увлекательная игра! 🏔️",
        "source": "yandex_gpt"
    },
    {
        "timestamp": "2025-08-10T15:39:08.982102",
        "question": "undead citadel",
        "answer": "🎮 **Undead Citadel** — это захватывающая игра в жанре tower defense, где вам предстоит защищать свою крепость от волн нежити. Стратегическая и увлекательная игра, которая проверит ваши навыки планирования и тактики! 🧟‍♂️",
        "source": "yandex_gpt"
    },
    {
        "timestamp": "2025-08-10T16:10:37.085820",
        "question": "вр",
        "answer": "🎮 Хотите погрузиться в мир виртуальной реальности? В нашем развлекательном центре FunLand игры в шлемах HTC Vive и Oculus подарят вам незабываемые впечатления! Можно играть вдвоём.\n\nСвязаться с оператором, чтобы узнать больше деталей? 😊",
        "source": "yandex_gpt"
    },
    {
        "timestamp": "2025-08-10T16:11:02.440811",
        "question": "что такое суперхот",
        "answer": "🎮 **Superhot** — это игра в жанре шутера, где время замедляется, когда останавливается игрок. Это напряжённая и увлекательная игра, которая не даст вам заскучать! 🕹️ Она идеально подходит для тех, кто любит динамичные и захватывающие игры.",
        "source": "yandex_gpt"
    },
    {
        "timestamp": "2025-08-10T18:09:14.503648",
        "question": "как узнать какие есть у вас игры",
        "answer": "🎮 Чтобы узнать, какие игры доступны в нашем развлекательном центре FunLand, свяжитесь с оператором! 😊",
        "source": "yandex_gpt"
    },
    {
        "timestamp": "2025-08-10T18:09:23.296019",
        "question": "cegth[jn",
        "answer": "Извините, я вас не понимаю. Уточните, пожалуйста, ваш вопрос, и я постараюсь помочь. 😊",
        "source": "yandex_gpt"
    },
    {
        "timestamp": "2025-08-10T18:09:32.189142",
        "question": "суперхот",
        "answer": "🎮 Superhot — это классная игра, где нужно выживать в мире, где время замедляется только во время движения. Очень динамичная и интересная! Если хотите узнать больше, свяжитесь с оператором, он с радостью расскажет! 😊",
        "source": "yandex_gpt"
    },
    {
        "timestamp": "2025-08-10T18:44:51.157736",
        "question": "vr",
        "answer": "🎮 **VR-зоны**\n\nИгры в шлемах HTC Vive и Oculus.\nМожно играть вдвоём!\nЦены: 300 ₽ за 30 мин, 500 ₽ за час, 900 ₽ за 2 часа.\nПодробнее: [VR-зоны](/vr_zones)",
        "source": "knowledge_base"
    },
    {
        "timestamp": "2025-08-10T18:44:53.332995",
        "question": "нерф",
        "answer": "🔫 **Нерф-арена**\n\nТактические баталии с мягкими дротиками.\nКоманды до 6 человек.\nЦены: 2500 ₽ (до 6 чел), 3500 ₽ (до 8 чел).\nПодробнее: [Нерф-арена](/nerf_arena)",
        "source": "knowledge_base"
    },
    {
        "timestamp": "2025-08-10T18:45:05.952823",
        "question": "раскажи подробно",
        "answer": "🎮 **VR-зоны**\n\nИгры в шлемах HTC Vive и Oculus. Можно играть вдвоём!\nЦены: 300 ₽ за 30 минут, 500 ₽ за час, 900 ₽ за 2 часа.\n\n🔫 **Нерф-арена**\n\nТактические баталии с мягкими дротиками. Команды до 6 человек.\nЦены: 2500 ₽ (до 6 человек), 3500 ₽ (до 8 человек).\n\nЕсли у вас есть дополнительные вопросы, пожалуйста, свяжитесь с оператором. 😊",
        "source": "yandex_gpt"
    },
    {
        "timestamp": "2025-08-10T18:45:47.500884",
        "question": "раскажи подробно яндекс",
        "answer": "К сожалению, я не могу предоставить информацию о Яндекс, так как являюсь консультантом развлекательного центра FunLand. Если вам нужна информация о сервисах Яндекса или помощь в их использовании, рекомендую обратиться к официальным источникам или справочным сервисам Яндекса. 😊",
        "source": "yandex_gpt"
    },
    {
        "timestamp": "2025-08-10T21:32:24.584273",
        "question": "день рождения",
        "answer": "🎉 **День рождения в FunLand**\n\nМы организуем яркие и незабываемые дни рождения для детей и взрослых!\n\n**Что входит:**\n- Аниматор или ведущий\n- Праздничное оформление\n- Игры и активности (батуты, нерф, VR)\n- Чаепитие с тортом\n- Фото на память\n\n**Пакеты:**\n- Стандарт: 8000 ₽ (до 10 человек)\n- Экстрим: 12 000 ₽ (до 12 человек)\n- VR-приключение: 15 000 ₽ (до 8 человек)\n\nХотите забронировать? Напишите: *«хочу забронировать день рождения»*",
        "source": "knowledge_base"
    },
    {
        "timestamp": "2025-08-10T21:32:30.678164",
        "question": "выпускные",
        "answer": "🎓 **Выпускные в FunLand**\n\nПроведите выпускной незабываемо — с активными играми, VR и весёлой атмосферой!\n\n**Что предлагаем:**\n- Тематическое оформление\n- Командные игры (нерф, батуты)\n- VR-квесты\n- Фотозона и видеосъёмка\n- Кофейная пауза с десертами\n\n**Цены:**\n- От 1500 ₽ с человека (минимум 15 человек)\n- Скидка 10% при бронировании на 20+ человек\n\nИдеально подходит для выпускных 9-х и 11-х классов!",
        "source": "knowledge_base"
    },
    {
        "timestamp": "2025-08-10T21:32:40.261664",
        "question": "выездные мероприятия",
        "answer": "🚐 **Выездные мероприятия**\n\nМы приезжаем к вам! Проводим активные игры, нерф-батлы и VR-станции на вашей площадке.\n\n**Где можно:**\n- Школы и детские сады\n- Парки и скверы\n- Дома отдыха и лагеря\n- Корпоративные мероприятия\n\n**Что везём:**\n- Переносные батуты\n- Нерф-арена (до 8 человек)\n- VR-шлемы (до 4 станций)\n- Ведущий и оборудование\n\n**Цены:**\n- От 10 000 ₽ за 3 часа\n- Доплата 1000 ₽ за каждые 10 км от центра города\n\nОтлично подходит для детских праздников и корпоративов!",
        "source": "knowledge_base"
    },
    {
        "timestamp": "2025-08-10T21:33:02.013522",
        "question": "как проходит выезд",
        "answer": "🚐 Выезд начинается с обсуждения деталей мероприятия и составления программы. Затем наша команда приезжает на выбранную площадку, устанавливает оборудование и начинает программу. После завершения игр и активностей мы аккуратно сворачиваем оборудование и уезжаем. \n\nЕсли у вас есть вопросы или вам нужна помощь в организации, пожалуйста, свяжитесь с оператором. 😊",
        "source": "yandex_gpt"
    },
    {
        "timestamp": "2025-08-10T21:57:56.909849",
        "question": "нерф",
        "answer": "🔫 **Нерф-арена**\n\nТактические баталии с мягкими дротиками.\nКоманды до 6 человек.\nЦены: 2500 ₽ (до 6 чел), 3500 ₽ (до 8 чел).\nПодробнее: [Нерф-арена](/nerf_arena)",
        "source": "knowledge_base"
    },
    {
        "timestamp": "2025-08-10T21:58:02.181179",
        "question": "день рождения",
        "answer": "🎉 **День рождения в FunLand**\n\nМы организуем яркие и незабываемые дни рождения для детей и взрослых!\n\n**Что входит:**\n- Аниматор или ведущий\n- Праздничное оформление\n- Игры и активности (батуты, нерф, VR)\n- Чаепитие с тортом\n- Фото на память\n\n**Пакеты:**\n- Стандарт: 8000 ₽ (до 10 человек)\n- Экстрим: 12 000 ₽ (до 12 человек)\n- VR-приключение: 15 000 ₽ (до 8 человек)\n\nХотите забронировать? Напишите: *«хочу забронировать день рождения»*",
        "source": "knowledge_base"
    },
    {
        "timestamp": "2025-08-10T21:58:20.186259",
        "question": "кто такой аниматор",
        "answer": "👋 Аниматор — это человек, который развлекает гостей в развлекательных центрах и на мероприятиях! 🎉 Он создаёт атмосферу праздника и веселья, проводит игры и конкурсы, вовлекает гостей в интерактивные шоу. 🎨✨",
        "source": "yandex_gpt"
    },
    {
        "timestamp": "2025-08-10T21:58:29.973870",
        "question": "vr-приключение: что это",
        "answer": "🎮 **VR-зоны**\n\nИгры в шлемах HTC Vive и Oculus.\nМожно играть вдвоём!\nЦены: 300 ₽ за 30 мин, 500 ₽ за час, 900 ₽ за 2 часа.\nПодробнее: [VR-зоны](/vr_zones)",
        "source": "knowledge_base"
    },
    {
        "timestamp": "2025-08-10T21:58:42.658262",
        "question": "праздничное оформление что входит",
        "answer": "🎇🎉 Праздничное оформление в FunLand включает в себя: декорации, световые инсталляции, тематические элементы для создания праздничной атмосферы. Хотите узнать подробнее? 😊 Свяжитесь с оператором, и он предоставит вам всю необходимую информацию.",
        "source": "yandex_gpt"
    },
    {
        "timestamp": "2025-08-10T22:38:11.910468",
        "question": "как связаться с оператором:",
        "answer": "📞 Телефон: +7 (926)2245340\r\nEmail: info@funland.ru\r\nWhatsApp: +7 (XXX) XXX-XX-XX",
        "source": "knowledge_base"
    },
    {
        "timestamp": "2025-08-10T22:38:40.312309",
        "question": "как связаться с оператором:",
        "answer": "📞 Телефон: +7 (926)2245340\r\nEmail: info@funland.ru\r\nWhatsApp: +7 (XXX) XXX-XX-40",
        "source": "knowledge_base"
    },
    {
        "timestamp": "2025-08-10T23:39:01.984483",
        "question": "хочу устроить день рождения, что вы предлагаете",
        "answer": "🎉День рождения в FunLand\\n\\nМы организуем яркие и незабываемые дни рождения для детей и взрослых!\\n\\nЧто входит:\\n- Аниматор или ведущий\\n- Праздничное оформление\\n- Игры и активности (батуты, нерф, VR)\\n- Чаепитие с тортом\\n- Фото на память\\n\\nПакеты:\\n- Стандарт: 8000 ₽ (до 10 человек)\\n- Экстрим: 12 000 ₽ (до 12 человек)\\n- VR-приключение: 15 000 ₽ (до 8 человек)\\n\\nХотите забронировать? Напишите:«хочу забронировать день рождения»",
        "source": "knowledge_base"
    },
    {
        "timestamp": "2025-08-10T23:45:11.631300",
        "question": "хочу устроить vp вечеринку , что вы предлагаете",
        "answer": "У нас много программ, хотите я расскажэу вам о них",
        "source": "knowledge_base"
    },
    {
        "timestamp": "2025-08-11T00:22:56.760937",
        "question": "хочу устроить vp вечеринку , что вы предлагаете",
        "answer": "👋 Здорово, что вы хотите устроить вечеринку в FunLand! У нас есть отличные варианты для проведения мероприятий. Чтобы узнать подробности, свяжитесь с оператором, и мы поможем вам с организацией. 😊",
        "source": "yandex_gpt"
    },
    {
        "timestamp": "2025-08-11T00:23:17.886478",
        "question": "нерф",
        "answer": "🔫Нерф-арена",
        "source": "knowledge_base"
    },
    {
        "timestamp": "2025-08-11T00:23:23.231491",
        "question": "батуты",
        "answer": "🏀Батутный центр",
        "source": "knowledge_base"
    },
    {
        "timestamp": "2025-08-11T00:23:24.613906",
        "question": "vr",
        "answer": "🎮VR-зоны",
        "source": "knowledge_base"
    },
    {
        "timestamp": "2025-08-11T00:23:28.290105",
        "question": "нерф",
        "answer": "🔫Нерф-арена",
        "source": "knowledge_base"
    },
    {
        "timestamp": "2025-08-11T00:23:31.237233",
        "question": "день рождения",
        "answer": "🎉День рождения в FunLand",
        "source": "knowledge_base"
    },
    {
        "timestamp": "2025-08-11T00:23:33.026197",
        "question": "выпускные",
        "answer": "🎓Выпускные в FunLand",
        "source": "knowledge_base"
    },
    {
        "timestamp": "2025-08-11T00:23:34.453171",
        "question": "выездные мероприятия",
        "answer": "🚐Выездные мероприятия",
        "source": "knowledge_base"
    },
    {
        "timestamp": "2025-08-11T00:23:36.219491",
        "question": "акции",
        "answer": "🎁Акции FunLand",
        "source": "knowledge_base"
    },
    {
        "timestamp": "2025-08-11T00:23:38.374826",
        "question": "vr",
        "answer": "🎮VR-зоны",
        "source": "knowledge_base"
    },
    {
        "timestamp": "2025-08-11T00:24:14.331033",
        "question": "какие виды игр в нерф",
        "answer": "🔫Нерф-арена",
        "source": "knowledge_base"
    },
    {
        "timestamp": "2025-08-11T00:24:28.110840",
        "question": "суперхот",
        "answer": "🔥 Superhot — это захватывающая игра в нашем развлекательном центре FunLand! 🎮 Она предлагает уникальный и динамичный игровой опыт. Если вы хотите узнать больше об этой игре или других играх, с удовольствием помогу! 😊",
        "source": "yandex_gpt"
    },
    {
        "timestamp": "2025-08-11T00:24:43.695973",
        "question": "gorn",
        "answer": "👋 Привет! У нас в FunLand есть увлекательный аттракцион «Горка» — отличный выбор для любителей острых ощущений! Хотите узнать больше? 😊",
        "source": "yandex_gpt"
    },
    {
        "timestamp": "2025-08-11T00:25:05.784015",
        "question": "gorn vr  ты знаешь эту игру",
        "answer": "🎮VR-зоны",
        "source": "knowledge_base"
    },
    {
        "timestamp": "2025-08-11T00:27:42.392182",
        "question": "нерф",
        "answer": "🔫Нерф-арена",
        "source": "knowledge_base"
    },
    {
        "timestamp": "2025-08-11T00:31:48.708718",
        "question": "расскажи про vr",
        "answer": "🎮VR-зоны",
        "source": "knowledge_base"
    },
    {
        "timestamp": "2025-08-11T00:32:20.276981",
        "question": "расскажи, что такое виртуальное пространство",
        "answer": "🎮 Виртуальное пространство — это интерактивная среда, созданная с помощью компьютерных технологий, где пользователи могут взаимодействовать с объектами и другими участниками, создавая уникальные игровые и развлекательные сценарии! 😊",
        "source": "yandex_gpt"
    },
    {
        "timestamp": "2025-08-11T00:32:34.707896",
        "question": "интерактивная среда что это",
        "answer": "👋 Привет! Интерактивная среда в FunLand — это пространство, где посетители могут взаимодействовать с элементами окружения и влиять на ход событий. Это может быть что-то вроде игр, квестов или мультимедийных шоу. Хотите узнать больше? 😊",
        "source": "yandex_gpt"
    },
    {
        "timestamp": "2025-08-11T00:33:04.836274",
        "question": "квест как пройти",
        "answer": "👋 Конечно, с удовольствием помогу! Уточните, пожалуйста, какой именно квест вас интересует, и я постараюсь объяснить, как его пройти. 😊 Если возникнут сложности, рекомендую связаться с оператором для получения более детальной информации. 👍",
        "source": "yandex_gpt"
    },
    {
        "timestamp": "2025-08-11T00:40:18.210591",
        "question": "нерф",
        "answer": "🔫Нерф-арена",
        "source": "knowledge_base"
    },
    {
        "timestamp": "2025-08-11T00:40:19.797602",
        "question": "нерф",
        "answer": "🔫Нерф-арена",
        "source": "knowledge_base"
    },
    {
        "timestamp": "2025-08-11T00:41:37.046807",
        "question": "батуты",
        "answer": "🪂 У нас есть батуты! Приходите и прыгайте в своё удовольствие! 😊",
        "source": "yandex_gpt"
    },
    {
        "timestamp": "2025-08-11T00:41:41.028395",
        "question": "день рождения",
        "answer": "🎉 В FunLand есть всё для проведения незабываемого дня рождения! Мы предлагаем разнообразные программы и развлечения для детей и взрослых. \n\nСвяжитесь с оператором, чтобы узнать подробности и выбрать подходящую программу. 😊",
        "source": "yandex_gpt"
    },
    {
        "timestamp": "2025-08-11T00:41:50.030550",
        "question": "выпускные",
        "answer": "🎉 В FunLand вы сможете организовать незабываемый выпускной! У нас есть множество развлечений для всех. Свяжитесь с оператором для уточнения подробностей и выбора программы! 😊",
        "source": "yandex_gpt"
    },
    {
        "timestamp": "2025-08-11T00:44:06.275489",
        "question": "хочу устроить vp вечеринку, что вы предлагаете",
        "answer": "Здравствуйте! 🖐  \n\nДля организации VP-вечеринки в FunLand мы можем предложить:  \n* аренду игровых зон;  \n* подбор игр и развлечений для всех участников;  \n* помощь в организации конкурсов и активностей.  \n\nСвяжитесь с оператором, чтобы узнать подробности и выбрать наиболее подходящий вариант. 👍",
        "source": "yandex_gpt"
    },
    {
        "timestamp": "2025-08-15T14:49:09.608602",
        "question": "работаете ли в праздники",
        "answer": "🎉 Да! Мы работаем ежедневно\"",
        "source": "knowledge_base"
    },
    {
        "timestamp": "2025-08-15T14:49:20.311592",
        "question": "хочу устроить vp вечеринку, что вы предлагаете",
        "answer": "🎉 Отличный выбор!\nУ нас есть тематические вечеринки:\n• VR-приключения\n• Нерф-батлы\n• Командные квесты\n• Аниматоры и шоу-программы\n\"Расскажите",
        "source": "knowledge_base"
    },
    {
        "timestamp": "2025-08-15T14:49:54.650487",
        "question": "яндекс",
        "answer": "👋 Здравствуйте! Если у вас есть вопросы о нашем развлекательном центре FunLand, пожалуйста, задайте их мне. Если вы ищете информацию о других сервисах, рекомендую воспользоваться поиском в интернете. 😊",
        "source": "yandex_gpt"
    },
    {
        "timestamp": "2025-08-15T14:50:07.187692",
        "question": "погодные условия",
        "answer": "☀️ Все аттракционы — в закрытом помещении.\nПогода не влияет на посещение — приходите в любую погоду!",
        "source": "knowledge_base"
    },
    {
        "timestamp": "2025-08-15T18:28:18.791843",
        "question": "зачем ты",
        "answer": "я нужен",
        "source": "knowledge_base"
    },
    {
        "timestamp": "2025-08-15T18:29:01.759668",
        "question": "зачем ты",
        "answer": "я нужен для твоей помощи",
        "source": "knowledge_base"
    },
    {
        "timestamp": "2025-08-15T18:29:07.538808",
        "question": "яндекс",
        "answer": "❌ Ошибка авторизации. Проверьте API-ключ.",
        "source": "yandex_gpt"
    },
    {
        "timestamp": "2025-08-15T18:30:40.872441",
        "question": "яндекс",
        "answer": "❌ Ошибка авторизации. Проверьте API-ключ.",
        "source": "yandex_gpt"
    },
    {
        "timestamp": "2025-08-15T18:44:56.557515",
        "question": "привет",
        "answer": "👋 Привет! Рад вас видеть в FunLand! 😊\n\"Готов помочь с выбором развлечений",
        "source": "knowledge_base"
    },
    {
        "timestamp": "2025-08-15T18:45:04.239816",
        "question": "яндекс",
        "answer": "🔎 Здравствуйте! Если у вас есть вопросы о нашем развлекательном центре FunLand, пожалуйста, свяжитесь с оператором. Я с радостью помогу вам!",
        "source": "yandex_gpt"
    },
    {
        "timestamp": "2025-08-15T18:47:30.764488",
        "question": "zyltrc",
        "answer": "👋 Здравствуйте! Чем я могу вам помочь? 😊",
        "source": "yandex_gpt"
    },
    {
        "timestamp": "2025-08-15T18:47:36.682477",
        "question": "яндекс",
        "answer": "👋 Чем я могу вам помочь? 😊",
        "source": "yandex_gpt"
    },
    {
        "timestamp": "2025-08-15T18:47:48.025014",
        "question": "кто ты",
        "answer": "👋 Я дружелюбный консультант! Чем могу помочь? 😊",
        "source": "yandex_gpt"
    },
    {
        "timestamp": "2025-08-15T18:47:57.689709",
        "question": "ты сеть",
        "answer": "👋 Да, я — сеть! Чем я могу вам помочь? 😊",
        "source": "yandex_gpt"
    },
    {
        "timestamp": "2025-08-15T18:48:13.434035",
        "question": "яндекс",
        "answer": "👋 Чем я могу вам помочь? 😊",
        "source": "yandex_gpt"
    },
    {
        "timestamp": "2025-08-15T18:48:23.782899",
        "question": "что такое промт",
        "answer": "👋 Промт — это запрос или инструкция, которую вы даете модели искусственного интеллекта для генерации текста, изображений или других видов контента. 😊 Например, это может быть описание того, что вы хотите увидеть на картинке или какой текст вы хотите получить. 🖥️",
        "source": "yandex_gpt"
    },
    {
        "timestamp": "2025-08-15T18:48:37.098990",
        "question": "что такое гугл",
        "answer": "🔍 Google — это поисковая система, которая помогает находить информацию в интернете. 😊",
        "source": "yandex_gpt"
    },
    {
        "timestamp": "2025-08-15T18:51:06.417966",
        "question": "зачем ты",
        "answer": "что бы помогать",
        "source": "knowledge_base"
    },
    {
        "timestamp": "2025-08-15T18:51:16.542721",
        "question": "яндекс гига чат",
        "answer": "👋 Здравствуйте! Чем я могу вам помочь? 😊",
        "source": "yandex_gpt"
    },
    {
        "timestamp": "2025-08-15T18:51:26.634459",
        "question": "гига чат",
        "answer": "👋 Конечно, чем я могу помочь вам с «Гига Чатом»? 😊",
        "source": "yandex_gpt"
    },
    {
        "timestamp": "2025-08-15T18:51:36.931209",
        "question": "откуда он",
        "answer": "🤖 Уточните, пожалуйста, кто «он»? Я постараюсь помочь.",
        "source": "yandex_gpt"
    },
    {
        "timestamp": "2025-08-15T18:51:52.141126",
        "question": "«гига чат",
        "answer": "👋 Привет! Чем я могу помочь? 🤖\n«Гига чат» — это что-то связанное с технологиями или коммуникациями? Уточните ваш вопрос, и я постараюсь ответить! 😊",
        "source": "yandex_gpt"
    },
    {
        "timestamp": "2025-08-15T18:52:04.151167",
        "question": "что такое промт",
        "answer": "👋 Промпт (prompt) — это запрос или инструкция, которую вы даёте модели искусственного интеллекта для генерации текста, изображений или других видов контента. 🤖 Например, это может быть описание того, что вы хотите увидеть на картинке или какой текст нужно написать. 📘\n\n💡 Промпт помогает модели понять, что именно вы ожидаете получить в результате. 😊",
        "source": "yandex_gpt"
    },
    {
        "timestamp": "2025-08-15T18:52:26.229311",
        "question": "giga chat это чья модель",
        "answer": "🤖 Giga Chat — модель от Яндекс.",
        "source": "yandex_gpt"
    },
    {
        "timestamp": "2025-08-15T18:52:42.721063",
        "question": "giga chat — модель от яндекс или сбера",
        "answer": "Giga Chat — модель от Яндекса. 👍",
        "source": "yandex_gpt"
    },
    {
        "timestamp": "2025-08-15T18:53:03.897117",
        "question": "power query",
        "answer": "📊 Power Query — это инструмент для работы с данными в Excel. Он позволяет объединять, очищать и преобразовывать данные из различных источников. Хотите узнать больше о возможностях Power Query? 😊",
        "source": "yandex_gpt"
    },
    {
        "timestamp": "2025-08-15T18:53:19.979667",
        "question": "какие есть арены vr",
        "answer": "🎮 VR-зоны\nПогружайтесь в виртуальную реальность с шлемами HTC Vive и Oculus!\nПлюсы:\n• Можно играть вдвоём\n• Подходит для взрослых и детей от 7 лет\n\"• Разные жанры: шутеры",
        "source": "knowledge_base"
    },
    {
        "timestamp": "2025-08-15T18:53:40.861268",
        "question": "pico",
        "answer": "👋 Здравствуйте! Чем я могу вам помочь? 😊",
        "source": "yandex_gpt"
    },
    {
        "timestamp": "2025-08-15T18:53:53.741225",
        "question": "pico это шлем",
        "answer": "👍 Да, Pico — это шлем виртуальной реальности. Чем ещё я могу вам помочь? 😊",
        "source": "yandex_gpt"
    },
    {
        "timestamp": "2025-08-15T18:55:10.363997",
        "question": "oculus  это",
        "answer": "🎮 Oculus — это бренд, который производит VR-гарнитуры и оборудование для виртуальной реальности. 😊",
        "source": "yandex_gpt"
    },
    {
        "timestamp": "2025-08-15T18:55:15.949198",
        "question": "vr",
        "answer": "🎮 VR-зоны\nПогружайтесь в виртуальную реальность с шлемами HTC Vive и Oculus!\nПлюсы:\n• Можно играть вдвоём\n• Подходит для взрослых и детей от 7 лет\n\"• Разные жанры: шутеры",
        "source": "knowledge_base"
    },
    {
        "timestamp": "2025-08-15T18:55:29.940836",
        "question": "как записаться на день рождение",
        "answer": "Здравствуйте! 😊\n\nЧтобы записаться на день рождения, пожалуйста, уточните:\n* дату и время;\n* количество человек;\n* ваши предпочтения (например, тематика праздника, место проведения).\n\nТакже вы можете задать дополнительные вопросы. 😊",
        "source": "yandex_gpt"
    },
    {
        "timestamp": "2025-08-15T18:57:59.301934",
        "question": "что ты",
        "answer": "👋 Я дружелюбный консультант! Чем могу помочь? 😊",
        "source": "yandex_gpt"
    },
    {
        "timestamp": "2025-08-15T18:58:24.073273",
        "question": "что такое yandex gpt",
        "answer": "👋 Яндекс GPT — это модель генеративного искусственного интеллекта от Яндекса. Она может создавать тексты на основе заданных параметров. 🤖\n\nЕсли у вас есть ещё вопросы, пожалуйста, задайте их мне! 😊",
        "source": "yandex_gpt"
    },
    {
        "timestamp": "2025-08-15T18:58:51.535723",
        "question": "расскажти о гугл",
        "answer": "🔍 Google — это одна из крупнейших поисковых систем в мире. Она предоставляет пользователям возможность искать информацию в интернете, а также предлагает множество дополнительных сервисов, таких как почта (Gmail), карты (Google Maps), переводчик (Google Translate) и другие.\n\n📘 Google также известен своими инновационными технологиями и разработками в области искусственного интеллекта, машинного обучения и других областях.\n\n🌐 Если вам нужна помощь в поиске информации или вы хотите узнать больше о сервисах Google, я с радостью помогу! 😊",
        "source": "yandex_gpt"
    },
    {
        "timestamp": "2025-08-15T18:59:02.917786",
        "question": "как забронировать vr",
        "answer": "🎮 VR-зоны\nПогружайтесь в виртуальную реальность с шлемами HTC Vive и Oculus!\nПлюсы:\n• Можно играть вдвоём\n• Подходит для взрослых и детей от 7 лет\n\"• Разные жанры: шутеры",
        "source": "knowledge_base"
    }
]