[
  {
    "timestamp": "2025-08-10T14:29:57.141684",
    "question": "vr",
    "answer": "🎮 **VR-зоны**\n\nИгры в шлемах HTC Vive и Oculus.\nМожно играть вдвоём!\nЦены: 300 ₽ за 30 мин, 500 ₽ за час, 900 ₽ за 2 часа.\nПодробнее: [VR-зоны](/vr_zones)",
    "source": "knowledge_base"
  },
  {
    "timestamp": "2025-08-10T14:30:10.127544",
    "question": "аймкот",
    "answer": "Здравствуйте! 👋 Чем я могу вам помочь? Если вы ищете информацию об активностях или хотите узнать о наших развлечениях, я с радостью вам расскажу! 😊",
    "source": "yandex_gpt"
  },
  {
    "timestamp": "2025-08-10T14:30:26.254587",
    "question": "icot",
    "answer": "Здравствуйте! 😊 \n\nПохоже, вы что-то искали, но не совсем понятно, что именно. Возможно, вы хотели узнать о развлечениях в нашем центре? У нас есть VR-игры, батуты, игры с nerf-пушками и многое другое. \n\nЕсли вам нужна информация по конкретной активности, пожалуйста, уточните ваш запрос. 😊 Будем рады помочь!",
    "source": "yandex_gpt"
  },
  {
    "timestamp": "2025-08-10T14:30:43.065285",
    "question": "сурперхот",
    "answer": "Привет! Superhot — это крутая игра, где тебе нужно выживать и сражаться с врагами, используя замедление времени. Очень атмосферная и затягивает с первых минут! 😎 Если хочешь, могу рассказать подробнее или помочь с покупкой игры.",
    "source": "yandex_gpt"
  },
  {
    "timestamp": "2025-08-10T14:30:57.434046",
    "question": "aimcat",
    "answer": "Здравствуйте! 🖐 \n\nAIMCAT — это игра, которая позволяет потренировать меткость и реакцию. У нас есть VR-игры, в которых можно весело провести время. Если хотите узнать больше об этой игре или других развлечениях в нашем центре, я с радостью вам помогу!",
    "source": "yandex_gpt"
  },
  {
    "timestamp": "2025-08-10T14:31:16.446867",
    "question": "расскажи по vr",
    "answer": "🎮 **VR-зоны**\n\nИгры в шлемах HTC Vive и Oculus.\nМожно играть вдвоём!\nЦены: 300 ₽ за 30 мин, 500 ₽ за час, 900 ₽ за 2 часа.\nПодробнее: [VR-зоны](/vr_zones)",
    "source": "knowledge_base"
  },
  {
    "timestamp": "2025-08-10T14:31:45.457442",
    "question": "что такое виртуальная реальность",
    "answer": "Привет! Виртуальная реальность (VR) — это как попасть в другой мир с помощью специальных очков и контроллеров. Ты можешь играть в игры, исследовать новые места и даже участвовать в сражениях, не выходя из развлекательного центра. Всё выглядит так реалистично, что иногда забываешь, что это всего лишь игра! 🎮🌌",
    "source": "yandex_gpt"
  },
  {
    "timestamp": "2025-08-10T14:32:08.649756",
    "question": "нерф",
    "answer": "🔫 **Нерф-арена**\n\nТактические баталии с мягкими дротиками.\nКоманды до 6 человек.\nЦены: 2500 ₽ (до 6 чел), 3500 ₽ (до 8 чел).\nПодробнее: [Нерф-арена](/nerf_arena)",
    "source": "knowledge_base"
  },
  {
    "timestamp": "2025-08-10T14:32:23.028230",
    "question": "нерф арена, что собой представляет",
    "answer": "🔫 **Нерф-арена**\n\nТактические баталии с мягкими дротиками.\nКоманды до 6 человек.\nЦены: 2500 ₽ (до 6 чел), 3500 ₽ (до 8 чел).\nПодробнее: [Нерф-арена](/nerf_arena)",
    "source": "knowledge_base"
  },
  {
    "timestamp": "2025-08-10T14:32:35.166704",
    "question": "нерф арена это",
    "answer": "🔫 **Нерф-арена**\n\nТактические баталии с мягкими дротиками.\nКоманды до 6 человек.\nЦены: 2500 ₽ (до 6 чел), 3500 ₽ (до 8 чел).\nПодробнее: [Нерф-арена](/nerf_arena)",
    "source": "knowledge_base"
  },
  {
    "timestamp": "2025-08-10T14:32:51.299818",
    "question": "из чего состоит нерф",
    "answer": "🔫 **Нерф-арена**\n\nТактические баталии с мягкими дротиками.\nКоманды до 6 человек.\nЦены: 2500 ₽ (до 6 чел), 3500 ₽ (до 8 чел).\nПодробнее: [Нерф-арена](/nerf_arena)",
    "source": "knowledge_base"
  },
  {
    "timestamp": "2025-08-10T14:35:30.284635",
    "question": "vr",
    "answer": "🎮 **VR-зоны**\n\nИгры в шлемах HTC Vive и Oculus.\nМожно играть вдвоём!\nЦены: 300 ₽ за 30 мин, 500 ₽ за час, 900 ₽ за 2 часа.\nПодробнее: [VR-зоны](/vr_zones)",
    "source": "knowledge_base"
  },
  {
    "timestamp": "2025-08-10T14:35:32.397478",
    "question": "батуты",
    "answer": "🏀 **Батутный центр**\n\nЭто специально оборудованная площадка для проведения игр и трюков на батутах.\n\n**Основные характеристики:**\n- Формат игры: индивидуальные и командные игры\n- Длительность: обычно до 1 часа\n- Участники: от 1 человека и более\n- Особенности: возможность прыжков, акробатические трюки\n\n**Цены:**\n- 500 ₽ за час\n- 4000 ₽ за 10 посещений\nПодробнее: [Батутный центр](/batuts_center)",
    "source": "knowledge_base"
  },
  {
    "timestamp": "2025-08-10T14:35:33.518380",
    "question": "акции",
    "answer": "🎁 **Акции**\n\n• Детям до 7 лет — **50% скидка**\n• Семейный пакет — **+ VR бесплатно**\n• Студенческий день — **-20% по пятницам**",
    "source": "knowledge_base"
  },
  {
    "timestamp": "2025-08-10T14:35:56.406764",
    "question": "раскажи подробно про виртуальную реальность",
    "answer": "Привет! Виртуальная реальность в «FunLand» — это что-то с чем-то! 🎮 Ты попадаешь в другой мир, где можно всё: от космических путешествий до сражений в фэнтези-вселенных. Это круче любых видеоигр!\n\nУ нас есть разные VR-игры и аттракционы, которые подойдут как детям, так и взрослым. Это не только весело, но и развивает.\n\nЕсли хочешь, могу рассказать про конкретные игры или помочь выбрать что-то интересное. 😊",
    "source": "yandex_gpt"
  },
  {
    "timestamp": "2025-08-10T14:36:28.822726",
    "question": "какие есть виды игр в виртуальной реальности",
    "answer": "Привет! У нас в «FunLand» в виртуальной реальности можно поиграть в самые разные игры! Например, в шутеры, где нужно стрелять по мишеням и врагам, в приключенческие игры, где можно исследовать миры и решать головоломки, в гонки, где можно управлять машинами и соревноваться с другими игроками. А ещё есть игры на выживание, где нужно выживать в разных условиях, и многое другое! 🎮👾🏎️\n\nЕсли хочешь узнать что-то конкретное, с радостью помогу!",
    "source": "yandex_gpt"
  },
  {
    "timestamp": "2025-08-10T14:37:08.516066",
    "question": "как называется игра с обезьянами в виртуальной реальности",
    "answer": "Привет! К сожалению, не помню название такой игры. Возможно, стоит связаться с оператором развлекательного центра, чтобы получить точную информацию. 😊",
    "source": "yandex_gpt"
  },
  {
    "timestamp": "2025-08-10T14:45:16.973235",
    "question": "акции",
    "answer": "🎁 **Акции**\n\n• Детям до 7 лет — **50% скидка**\n• Семейный пакет — **+ VR бесплатно**\n• Студенческий день — **-20% по пятницам**",
    "source": "knowledge_base"
  },
  {
    "timestamp": "2025-08-10T14:55:15.469832",
    "question": "как узнать какие есть у вас игры",
    "answer": "👋 Чтобы узнать, какие игры доступны в FunLand, свяжитесь с оператором. Они с радостью вам помогут! 😊",
    "source": "yandex_gpt"
  },
  {
    "timestamp": "2025-08-10T14:55:21.528267",
    "question": "что такое виртуальные игры",
    "answer": "🎮 **VR-зоны**\n\nИгры в шлемах HTC Vive и Oculus.\nМожно играть вдвоём!\nЦены: 300 ₽ за 30 мин, 500 ₽ за час, 900 ₽ за 2 часа.\nПодробнее: [VR-зоны](/vr_zones)",
    "source": "knowledge_base"
  },
  {
    "timestamp": "2025-08-10T14:55:38.506164",
    "question": "виртуальная реальность что это",
    "answer": "👽 Виртуальная реальность (VR) — это технология, которая позволяет погрузиться в виртуальный мир с помощью специальных устройств, таких как шлемы HTC Vive и Oculus. Это создаёт ощущение присутствия и позволяет взаимодействовать с виртуальным окружением. 😊",
    "source": "yandex_gpt"
  },
  {
    "timestamp": "2025-08-10T14:55:50.526185",
    "question": "суперхот что это",
    "answer": "🎮 Superhot — это захватывающая игра в жанре шутера от первого лица. В ней время замедляется, когда игрок не двигается. Это создаёт уникальную механику боя и требует от игроков стратегического мышления и быстрой реакции. Игра отлично подходит для тех, кто любит динамичные и напряжённые игровые моменты. 🔥",
    "source": "yandex_gpt"
  },
  {
    "timestamp": "2025-08-10T14:56:23.824092",
    "question": "что за игра final sguard",
    "answer": "К сожалению, я не знаю такой игры. Свяжитесь с оператором, чтобы получить более подробную информацию. 😊",
    "source": "yandex_gpt"
  },
  {
    "timestamp": "2025-08-10T14:56:38.958930",
    "question": "aim secryriti",
    "answer": "🎯 Aimerscurity (AimCat) — это игра для тренировки навыков стрельбы. Она помогает улучшить реакцию и точность прицеливания. Игра может быть полезна как для начинающих игроков, так и для опытных геймеров, желающих отточить своё мастерство. 💪",
    "source": "yandex_gpt"
  },
  {
    "timestamp": "2025-08-10T14:56:56.690328",
    "question": "aimcat)",
    "answer": "🎯 AimCat — это игра для тренировки навыков стрельбы. Она помогает улучшить реакцию и точность прицеливания. В игре можно потренироваться перед игрой в шутеры от первого лица или другие игры, где важна меткость стрельбы. 🎯🔱💪",
    "source": "yandex_gpt"
  },
  {
    "timestamp": "2025-08-10T14:57:51.280431",
    "question": "i am security",
    "answer": "🎯 Aimerscurity (AimCat) — это игра для тренировки навыков стрельбы. Она помогает улучшить реакцию и точность прицеливания. В игре можно потренироваться перед игрой в шутеры от первого лица или другие игры, где важна меткость стрельбы. 💪🎯🔱",
    "source": "yandex_gpt"
  },
  {
    "timestamp": "2025-08-10T14:59:24.793049",
    "question": "i am security",
    "answer": "Здравствуйте! Рады видеть вас в развлекательном центре «FunLand»! 😊 Если вам нужна помощь или информация о правилах безопасности в центре, пожалуйста, сообщите мне. Чем могу помочь?",
    "source": "yandex_gpt"
  },
  {
    "timestamp": "2025-08-10T14:59:29.900051",
    "question": "vr",
    "answer": "🎮 **VR-зоны**\n\nИгры в шлемах HTC Vive и Oculus.\nМожно играть вдвоём!\nЦены: 300 ₽ за 30 мин, 500 ₽ за час, 900 ₽ за 2 часа.\nПодробнее: [VR-зоны](/vr_zones)",
    "source": "knowledge_base"
  },
  {
    "timestamp": "2025-08-10T14:59:32.945333",
    "question": "i am security",
    "answer": "Здравствуйте! Рады видеть вас в развлекательном центре «FunLand»! 👋 \nЕсли вам нужна помощь или у вас есть вопросы, пожалуйста, сообщите мне. Я здесь, чтобы помочь! 😊",
    "source": "yandex_gpt"
  },
  {
    "timestamp": "2025-08-10T14:59:43.887630",
    "question": "суперхот",
    "answer": "Привет! Superhot — это крутая игра, где тебе нужно управлять персонажем в реальном времени, уклоняться от пуль и решать головоломки. Игра затягивает и требует быстрой реакции. Рекомендую попробовать! 🎮",
    "source": "yandex_gpt"
  },
  {
    "timestamp": "2025-08-10T14:59:50.818689",
    "question": "i am security игра",
    "answer": "«I Am Security» — это захватывающая игра, где ты берёшь на себя роль охранника. Тебе предстоит решать разнообразные задачи, связанные с обеспечением безопасности. Игра погружает в атмосферу, где нужно быть внимательным и быстро принимать решения. Уверен, тебе понравится! 🎮👮‍♂️",
    "source": "yandex_gpt"
  },
  {
    "timestamp": "2025-08-10T15:00:40.530416",
    "question": "ubisoft финал",
    "answer": "Привет! У нас в развлекательном центре есть игры от Ubisoft, но я не совсем понимаю, что вы имеете в виду под «финалалом». Может быть, вы хотите узнать о какой-то конкретной игре или об играх в целом? 😊",
    "source": "yandex_gpt"
  },
  {
    "timestamp": "2025-08-10T15:20:50.947503",
    "question": "какие есть игры",
    "answer": "👋 У нас в FunLand есть множество игр! Среди них могут быть популярные тайтлы, например, Superhot и Aimcat. 😊 Хотите узнать что-то конкретное? Или вам нужна помощь в выборе игры? 😊",
    "source": "yandex_gpt"
  },
  {
    "timestamp": "2025-08-10T15:20:54.521505",
    "question": "vr",
    "answer": "🎮 **VR-зоны**\n\nИгры в шлемах HTC Vive и Oculus.\nМожно играть вдвоём!\nЦены: 300 ₽ за 30 мин, 500 ₽ за час, 900 ₽ за 2 часа.\nПодробнее: [VR-зоны](/vr_zones)",
    "source": "knowledge_base"
  },
  {
    "timestamp": "2025-08-10T15:21:01.979491",
    "question": "суперхот",
    "answer": "👋 Superhot — это крутая игра, где время замедляется, когда ты не двигаешься! 😎 Попробуй, тебе понравится! 😊",
    "source": "yandex_gpt"
  },
  {
    "timestamp": "2025-08-10T15:22:04.802436",
    "question": "clone drone in the hyperdome",
    "answer": "🤖 **Clone Drone in the Hyperdome** — это игра, в которой ты управляешь дроном и проходишь уровни. Бросай вызов сложностям и покажи, на что способен! 😎",
    "source": "yandex_gpt"
  },
  {
    "timestamp": "2025-08-10T15:22:37.071537",
    "question": "ancient dungeon",
    "answer": "🗺️ **Ancient Dungeon** — это игра, в которой тебе предстоит исследовать подземелье, сражаться с монстрами и решать головоломки. Увлекательное приключение ждёт тебя! 🎮",
    "source": "yandex_gpt"
  },
  {
    "timestamp": "2025-08-10T15:22:51.909394",
    "question": "voxel fly",
    "answer": "🧱 **Voxel Fly** — это игра, где ты можешь свободно летать среди блоков и создавать свои миры. Погрузись в атмосферу творчества и свободы! 🚀",
    "source": "yandex_gpt"
  },
  {
    "timestamp": "2025-08-10T15:22:57.134215",
    "question": "батуты",
    "answer": "🏀 **Батутный центр**\n\nПлощадка для игр и трюков на батутах.\n\n**Цены:**\n- 500 ₽ за час\n- 4000 ₽ за 10 посещений\nПодробнее: [Батутный центр](/batuts_center)",
    "source": "knowledge_base"
  },
  {
    "timestamp": "2025-08-10T15:23:15.416320",
    "question": "ограждение батутов",
    "answer": "🏀 **Батутный центр**\n\nПлощадка для игр и трюков на батутах.\n\n**Цены:**\n- 500 ₽ за час\n- 4000 ₽ за 10 посещений\nПодробнее: [Батутный центр](/batuts_center)",
    "source": "knowledge_base"
  },
  {
    "timestamp": "2025-08-10T15:23:25.379763",
    "question": "ограждение батутов есть",
    "answer": "🏀 **Батутный центр**\n\nПлощадка для игр и трюков на батутах.\n\n**Цены:**\n- 500 ₽ за час\n- 4000 ₽ за 10 посещений\nПодробнее: [Батутный центр](/batuts_center)",
    "source": "knowledge_base"
  },
  {
    "timestamp": "2025-08-10T15:38:26.872741",
    "question": "какие есть игры",
    "answer": "👋 У нас в FunLand есть много игр! Среди них вы найдёте классические и современные проекты. \n\nЧтобы узнать подробнее, пожалуйста, свяжитесь с оператором — мы с радостью вам поможем! 😊",
    "source": "yandex_gpt"
  },
  {
    "timestamp": "2025-08-10T15:38:29.396197",
    "question": "vr",
    "answer": "🎮 **VR-зоны**\n\nИгры в шлемах HTC Vive и Oculus.\nМожно играть вдвоём!\nЦены: 300 ₽ за 30 мин, 500 ₽ за час, 900 ₽ за 2 часа.\nПодробнее: [VR-зоны](/vr_zones)",
    "source": "knowledge_base"
  },
  {
    "timestamp": "2025-08-10T15:38:39.049236",
    "question": "суперхот",
    "answer": "🎮 **Superhot** — это захватывающая игра в жанре шутера, где время замедляется при остановке игрока. Очень увлекательная и напряжённая игра, которая не даст вам заскучать! 🕹️",
    "source": "yandex_gpt"
  },
  {
    "timestamp": "2025-08-10T15:38:46.921340",
    "question": "майнкрафт",
    "answer": "🎲 **Minecraft** — это популярная игра в жанре песочницы с открытым миром, где можно строить, исследовать и выживать. Очень творческая и увлекательная игра! 🏔️",
    "source": "yandex_gpt"
  },
  {
    "timestamp": "2025-08-10T15:39:08.982102",
    "question": "undead citadel",
    "answer": "🎮 **Undead Citadel** — это захватывающая игра в жанре tower defense, где вам предстоит защищать свою крепость от волн нежити. Стратегическая и увлекательная игра, которая проверит ваши навыки планирования и тактики! 🧟‍♂️",
    "source": "yandex_gpt"
  },
  {
    "timestamp": "2025-08-10T16:10:37.085820",
    "question": "вр",
    "answer": "🎮 Хотите погрузиться в мир виртуальной реальности? В нашем развлекательном центре FunLand игры в шлемах HTC Vive и Oculus подарят вам незабываемые впечатления! Можно играть вдвоём.\n\nСвязаться с оператором, чтобы узнать больше деталей? 😊",
    "source": "yandex_gpt"
  },
  {
    "timestamp": "2025-08-10T16:11:02.440811",
    "question": "что такое суперхот",
    "answer": "🎮 **Superhot** — это игра в жанре шутера, где время замедляется, когда останавливается игрок. Это напряжённая и увлекательная игра, которая не даст вам заскучать! 🕹️ Она идеально подходит для тех, кто любит динамичные и захватывающие игры.",
    "source": "yandex_gpt"
  }
]